{"simName":"Alice","age":26,"traits":[0,1],"simColour":{"r":1.0,"g":0.4637811779975891,"b":0.0,"a":1.0}}
{"simName":"Bob","age":32,"traits":[4,6],"simColour":{"r":0.0,"g":0.530026912689209,"b":1.0,"a":1.0}}
